customer_id,first_name,last_name,email,phone,address,city,state,zip_code,country,registration_date
1,Danielle,Rodriguez,danielle.rodriguez@moore-smith.com,728.914.8932x52880,54303 Christopher Oval,Port Amandaberg,DC,86975,USA,2024-12-17
2,Stacey,Martin,stacey.martin@brennan.net,001-534-565-7871x33150,03105 Willie Harbors,Lewisberg,VA,75348,USA,2025-05-23
3,Thomas,Mueller,thomas.mueller@lee-davis.biz,(566)970-1065x133,2473 Scott Wall,North Deniseside,MP,02435,USA,2023-05-03
4,Sara,Allison,sara.allison@russell.com,(502)660-6474x6872,98050 Breanna Parkway,North Susan,CO,24857,USA,2023-03-26
5,Brooke,Leonard,brooke.leonard@powell.com,001-790-691-6998,534 Anderson Rue,Stephenland,AL,60569,USA,2025-07-31
6,Yolanda,Ferrell,yolanda.ferrell@medina.com,(651)235-4278,124 Pamela Summit Apt. 449,Lake Matthew,TX,83631,USA,2024-01-24
7,William,King,william.king@davis.com,2053242786,280 Aguilar Drive,Andersonport,MN,05730,USA,2024-06-17
8,Jason,Wright,jason.wright@gomez.biz,+1-423-322-6025x634,73375 Hoover Well Apt. 303,Murphyland,WI,37086,USA,2024-06-07
9,Darlene,Ross,darlene.ross@rivera.com,(894)301-9655,340 Smith Valley Apt. 561,Cindyville,VA,39864,USA,2025-02-04
10,Kyle,Ortiz,kyle.ortiz@terry-spencer.com,(762)999-4680x44369,3872 Justin Shore Suite 134,Port James,AK,06558,USA,2023-12-25
11,Tracey,Carr,tracey.carr@gibson.org,567.463.2016,83172 Contreras Points Suite 798,Rivasside,NV,21362,USA,2024-12-16
12,Shannon,Walton,shannon.walton@ramirez.com,571-843-4558x122,316 Rivera Mountain,Brownchester,MS,77057,USA,2025-11-24
13,Andrew,Gilmore,andrew.gilmore@james.biz,(488)993-7346x70656,806 Christopher Meadow,Port Steven,AR,34600,USA,2024-07-20
14,Mark,Gibson,mark.gibson@juarez-gray.biz,517-208-0531x003,27193 Lyons Trafficway,Garyville,WI,21966,USA,2024-04-06
15,Daniel,Johnson,daniel.johnson@johnston-odonnell.biz,(831)793-1491x9058,506 Garcia Lake,Zimmermanchester,HI,96681,USA,2025-02-27
16,Tammy,Nelson,tammy.nelson@hampton.org,253-914-7379x965,73545 Beard Squares Suite 808,North John,MT,64539,USA,2025-04-20
17,Katherine,Vaughn,katherine.vaughn@joseph.com,763.849.5788,7444 David Fields Suite 182,East Joanna,KY,95473,USA,2025-06-12
18,Tiffany,Warren,tiffany.warren@hooper-wall.com,252.640.8240,710 Harrison Mill,Jackton,KS,63117,USA,2023-06-05
19,Lynn,Morales,lynn.morales@ray.com,(529)841-3186,4964 Chelsea Streets Apt. 334,East Johnside,CA,21018,USA,2022-12-14
20,Ricky,Norris,ricky.norris@carter-hall.com,001-671-434-9361x832,24994 Martinez Spurs,Hollyview,NY,71277,USA,2025-01-15
21,Samuel,George,samuel.george@navarro-munoz.com,939-990-4902,96717 Ortiz Islands Apt. 256,Robertsfurt,GU,72603,USA,2023-02-05
22,Shawn,Edwards,shawn.edwards@wilson-barton.net,9879603859,48247 Martinez Roads,Lake Eric,OH,02293,USA,2025-04-15
23,Ricky,Walker,ricky.walker@murray.com,448.346.7737x8263,5840 Barber Villages Suite 278,Reedside,WV,71729,USA,2024-07-17
24,Stanley,Morris,stanley.morris@pollard.org,(736)305-7662x7028,87026 Charles Tunnel Suite 596,Port Markside,MS,42006,USA,2025-08-09
25,Jennifer,Malone,jennifer.malone@johnson.com,216.711.7240,5562 Amanda Port,East Gregory,RI,50641,USA,2025-07-29
26,Felicia,Jimenez,felicia.jimenez@thomas.com,+1-607-548-2175x94647,1369 Andrews Squares Suite 064,New Michelleton,PW,79983,USA,2025-01-19
27,Marissa,Leach,marissa.leach@lawson.com,+1-339-642-1047x0952,623 Kristin Wells Suite 884,West Robin,NJ,39185,USA,2024-05-19
28,Linda,Mcdonald,linda.mcdonald@taylor.biz,+1-751-660-4817,513 Johnson Points Suite 931,Blankenshipport,SD,54017,USA,2023-06-09
29,Donald,Shah,donald.shah@ferrell-wilson.com,+1-826-375-8692,640 Robinson Mills Apt. 515,Bruceview,ID,16512,USA,2024-11-15
30,Christopher,Lewis,christopher.lewis@harper.com,(793)418-3933,2284 Daniel Way,East Alexisbury,OR,42938,USA,2023-01-03
31,Grant,Williams,grant.williams@fisher.info,001-258-991-7839x08470,1771 Marc Drive Apt. 249,Oscarhaven,LA,59970,USA,2025-02-02
32,Catherine,Garcia,catherine.garcia@wilson.net,001-736-673-6576x6156,71111 Davis Streets Suite 280,Elizabethchester,MI,87708,USA,2024-09-27
33,Miranda,Griffith,miranda.griffith@burke-bell.org,232.673.1585x14936,44550 Molly Port,Jonestown,CO,98295,USA,2025-03-13
34,Jason,Barnes,jason.barnes@moore-collins.com,001-999-810-2290x14767,81561 Gregory Ramp Suite 840,South Tracey,AR,01508,USA,2023-10-23
35,Kevin,Clark,kevin.clark@duran.com,707-362-2683,060 Morse Wall Suite 969,Mckinneychester,LA,15597,USA,2024-08-30
36,Andrew,Nguyen,andrew.nguyen@stevens.biz,736-596-8164,18188 Rebecca Keys Suite 231,West James,PA,20537,USA,2025-09-23
37,Charles,Bean,charles.bean@snyder.info,+1-799-355-2717x74490,7005 Jones Way Apt. 998,Fordside,WY,97352,USA,2023-02-11
38,Shannon,Pacheco,shannon.pacheco@lopez.com,415.718.2037x788,6659 Kristina Rue Suite 151,Mitchellberg,MA,11183,USA,2025-06-02
39,Elizabeth,Rangel,elizabeth.rangel@ponce-hale.biz,(391)848-6528,54235 Lee Dam Apt. 141,Lake Matthewberg,PA,49878,USA,2023-08-06
40,Francis,Guerra,francis.guerra@lamb.biz,(737)994-7383x473,6886 Lisa Unions Apt. 407,Angelaville,VT,68122,USA,2023-06-21
41,Justin,Hines,justin.hines@cole-palmer.biz,737-550-6068,53051 Moody Dam Apt. 472,Westtown,MH,10885,USA,2023-01-08
42,Jonathan,Conley,jonathan.conley@bentley.com,341.903.6971,893 Kelly Alley,Johnchester,HI,87581,USA,2025-10-13
43,Christopher,Villegas,christopher.villegas@ashley.net,380.767.0654x05153,58527 Welch Valleys,North Jennifer,NH,05348,USA,2024-03-09
44,James,Moody,james.moody@stewart.net,(887)840-3450x5415,5277 Glass Path Suite 161,Morrisonburgh,ND,39005,USA,2024-04-21
45,Curtis,Murphy,curtis.murphy@parker-morrison.biz,(275)370-5964,8202 Johnson Cliff Apt. 556,New Ericmouth,MN,49261,USA,2024-10-29
46,Kathryn,Berry,kathryn.berry@richardson.com,9275868144,731 Melissa Mission Apt. 715,Jennaside,ND,38559,USA,2024-03-19
47,Melissa,Joseph,melissa.joseph@little.com,923.470.5895,46786 Morrow Cliffs,West Dawn,NV,61558,USA,2025-10-31
48,Zachary,Anderson,zachary.anderson@bowman.biz,601.582.4225x35841,49818 Brittany Prairie Apt. 299,Meganshire,AZ,04219,USA,2023-04-15
49,Brandon,May,brandon.may@baker.org,+1-407-984-4736x4710,7359 Larry Stravenue Suite 562,Zacharyville,MD,32186,USA,2024-12-03
50,David,Cole,david.cole@davis.biz,+1-963-625-9532x787,16873 Brandy Causeway Apt. 479,Mitchelltown,PR,14590,USA,2024-10-09
51,Dennis,Baker,dennis.baker@gallagher-diaz.biz,9986358416,16558 Fischer Flat,Porterton,AZ,18462,USA,2024-05-10
52,Linda,Stone,linda.stone@obrien.com,695-926-9495x88879,5169 Robles Stream,New Thomasshire,OK,30325,USA,2023-02-27
53,Brandy,Jackson,brandy.jackson@griffith.com,8915307562,970 April Points Suite 786,Suemouth,PW,70379,USA,2024-05-24
54,Amy,Lowe,amy.lowe@becker.info,934.784.3443,8441 Huang Locks Suite 240,Stephanieland,MI,58484,USA,2025-09-24
55,Jonathan,Mendoza,jonathan.mendoza@clayton.net,001-242-319-9330x833,7120 Richard Wells Suite 734,Justinton,PW,12226,USA,2025-09-18
56,Audrey,Nichols,audrey.nichols@jefferson.biz,(306)772-4004,8872 Nelson Valleys Apt. 527,Jennifertown,WA,44686,USA,2024-03-12
57,Ashley,Todd,ashley.todd@carr.biz,(585)916-1227x53046,4990 Valdez Square Apt. 017,Erikhaven,MH,92717,USA,2024-04-06
58,Hannah,Fowler,hannah.fowler@richardson-walker.com,927.795.6878x3391,108 Ashley Drive,West Melissa,NV,15736,USA,2025-10-31
59,Jamie,Aguilar,jamie.aguilar@nolan.com,628.267.9087x406,106 Graves Plains,North Valeriefort,AZ,38130,USA,2024-09-05
60,Hector,Taylor,hector.taylor@good.biz,466.518.2512x868,47868 Morrow Gateway,Reedview,ID,95531,USA,2023-06-03
61,Antonio,Keller,antonio.keller@miranda.com,819-907-9030,302 Young Street,Barbaramouth,IA,40053,USA,2023-07-20
62,Valerie,Boyd,valerie.boyd@turner-brown.org,001-626-887-0568x5662,733 Mathews Divide,Melendezside,MT,55093,USA,2025-04-23
63,Alyssa,Price,alyssa.price@harris-lucas.info,(518)930-4699x013,4033 Julie Throughway,Rochaborough,MO,31870,USA,2025-04-15
64,Marc,Campbell,marc.campbell@ferguson-howard.com,(587)471-7535x560,8996 Hernandez Isle,South Ashley,IA,65945,USA,2025-04-13
65,Diamond,Cohen,diamond.cohen@hines-burns.info,325.222.8728x080,2312 Jeffery Motorway,Brucefort,TN,64445,USA,2023-01-03
66,Adam,Arnold,adam.arnold@smith.com,+1-440-586-2118,845 Norton Common,Susanmouth,OK,32378,USA,2025-11-27
67,Jeremiah,Sutton,jeremiah.sutton@valdez.com,366-968-7002,591 Jerry Ways Suite 401,Rachelshire,TN,04813,USA,2023-09-14
68,Sarah,Edwards,sarah.edwards@matthews.biz,842-493-9685,501 Hall Club,Cassiefurt,WI,43279,USA,2023-01-25
69,Cynthia,Bowers,cynthia.bowers@henry-kelly.biz,(829)761-9431x14262,10475 Garcia Corners Apt. 678,Garcialand,MI,73143,USA,2023-05-03
70,Candice,Mueller,candice.mueller@smith-gutierrez.com,001-483-398-2622x4447,4647 Michael Gateway,Wheelerborough,NH,14522,USA,2023-07-08
71,Kevin,Rush,kevin.rush@skinner-james.com,856.792.4593x752,793 Bennett Viaduct Suite 519,New Wendy,HI,89854,USA,2025-04-12
72,Anthony,Acosta,anthony.acosta@clark.com,(872)843-4266x17979,8911 Diane Knoll,Lake Cheyenne,OK,85046,USA,2025-10-27
73,Deborah,Rasmussen,deborah.rasmussen@sheppard-jordan.com,943-788-8993,9825 Timothy Hill Suite 112,Larrymouth,WY,27615,USA,2025-02-26
74,Timothy,Alvarez,timothy.alvarez@bowen-chavez.com,801-905-1238x2825,2266 Jo Flat,Vargasfurt,AL,92872,USA,2023-11-08
75,Jamie,Goodwin,jamie.goodwin@ray.com,(853)371-4785x969,7924 Emily Island Apt. 341,West Heather,NY,51417,USA,2024-09-19
76,Candace,Andrews,candace.andrews@lopez-reid.com,+1-227-742-2579,2368 Ortiz Overpass,Mckinneymouth,NM,22423,USA,2023-04-17
77,Ariana,Flynn,ariana.flynn@carter.com,+1-342-679-7881,078 Veronica Cove Apt. 407,Michaelland,NV,15887,USA,2023-12-13
78,Jason,Rojas,jason.rojas@bell.com,+1-723-630-9584x982,481 Sydney Turnpike Suite 042,East Dustin,MD,32948,USA,2025-10-25
79,Philip,Thomas,philip.thomas@adams.com,(884)557-7590x1751,74545 Ashlee Oval Suite 001,Smithburgh,NV,60337,USA,2022-12-11
80,Victoria,Patterson,victoria.patterson@blankenship.com,554-815-2064,103 Miller Ramp,New Erin,AL,01557,USA,2025-11-24
81,Matthew,Martinez,matthew.martinez@benson-woods.com,(211)415-5426x2218,3269 Heath Corners Apt. 219,Bellchester,MD,18828,USA,2023-12-29
82,Joshua,Miller,joshua.miller@burke.com,+1-543-989-8364x03761,055 Paul Villages,Diazburgh,WV,62237,USA,2023-04-02
83,Alvin,Jones,alvin.jones@lewis-livingston.biz,348.566.6188x92414,569 Kyle Mews,North John,NE,15703,USA,2024-11-13
84,Cheryl,Brown,cheryl.brown@harmon.com,001-302-275-8842x524,4814 Tyler Pass Suite 079,West Eric,WI,13988,USA,2025-05-19
85,Emily,Wilson,emily.wilson@hicks.com,5757622086,5419 Wilson Spring,East Jeffreyhaven,AZ,53051,USA,2023-03-27
86,Natalie,Cline,natalie.cline@murphy-tran.com,(534)494-9375x973,0385 Stephanie Alley,Sweeneyport,CT,27396,USA,2025-03-12
87,Tonya,Barnes,tonya.barnes@kaufman.com,303-486-5719,99062 Kelly Vista Suite 655,Nelsonland,ID,18341,USA,2025-06-05
88,Daniel,Garcia,daniel.garcia@owens-russell.net,(537)747-4112x490,35680 Green Extensions,South Melissaside,WA,72606,USA,2024-01-02
89,Cody,Garcia,cody.garcia@martinez.com,(236)351-9941,721 Martinez Mountain,East Sandrachester,GU,95453,USA,2024-08-14
90,Tyler,Reyes,tyler.reyes@thompson-lewis.com,947-220-9993x476,6263 Crystal Unions,South Kimberlystad,NJ,71872,USA,2024-12-31
91,Maurice,Cunningham,maurice.cunningham@price-white.com,+1-530-540-7859x321,039 Kelly Villages Apt. 239,Lindastad,PW,78038,USA,2023-01-22
92,Jade,Bell,jade.bell@elliott.info,+1-542-270-1039,59325 Samantha Vista Suite 002,Port Daniel,NC,48327,USA,2023-04-01
93,Nathaniel,Mcmahon,nathaniel.mcmahon@willis-rogers.com,(526)475-2895,4220 Rosales Trail Apt. 295,Lake Ariana,NM,18935,USA,2024-05-07
94,Julie,Young,julie.young@jackson-mcclure.com,001-257-804-3315x410,626 Macias Keys Suite 179,East Shannon,AS,04880,USA,2024-03-12
95,Andrew,Green,andrew.green@jones.biz,(818)415-9970,01533 Terry Stravenue Suite 443,North Philipside,MP,64850,USA,2023-08-05
96,Brian,Smith,brian.smith@phillips.org,931.603.2417x1467,862 Mcclure Land,South Bradley,NV,61457,USA,2024-01-23
97,Jeremy,Adams,jeremy.adams@hernandez.com,858-969-3806,4160 David Throughway,Thompsonburgh,IL,25761,USA,2023-06-24
98,Brad,Miller,brad.miller@graham.org,251-816-8685x487,2299 Sara Port,Port Justinside,FM,45572,USA,2024-09-08
99,Joseph,Pena,joseph.pena@lynch.com,+1-796-606-5307x450,7132 Mccann Mills Suite 469,East Scottchester,WA,64000,USA,2025-02-19
100,Michelle,Nicholson,michelle.nicholson@moody.biz,(289)902-3303,3457 Reid Crossing,East Nathanmouth,HI,62705,USA,2025-06-08
101,Andrea,Cooper,andrea.cooper@curry-barker.com,6608293333,072 Carolyn Branch,West Charlene,ME,93921,USA,2025-09-03
102,Joshua,Woodard,joshua.woodard@stevens-robinson.com,+1-389-969-1085x89944,4544 Lopez Path,North Linda,AS,79148,USA,2024-08-28
103,Donna,Becker,donna.becker@johnson.biz,(460)499-3538x7584,72482 Pena Forges Suite 346,Nathanshire,LA,61287,USA,2023-06-10
104,Thomas,Delacruz,thomas.delacruz@carpenter.com,416.784.6022x35697,75250 Shannon Fords,New Kathy,NM,12040,USA,2023-06-29
105,Christina,Schultz,christina.schultz@patterson-woods.com,2835505830,542 Patrick Radial,Garyton,ME,38620,USA,2024-11-17
106,Jessica,Carlson,jessica.carlson@hamilton-mcdaniel.com,475-332-6033x23098,064 Brittney Causeway Apt. 001,Wallaceville,OH,33627,USA,2024-12-15
107,Jacqueline,Harris,jacqueline.harris@mccoy.net,999-526-1891x411,8356 Martin Plaza,Lozanofort,MA,31238,USA,2022-12-14
108,Alexander,Davis,alexander.davis@conley.info,(618)911-4374,20455 Rodgers Court,North Melissaburgh,MA,47362,USA,2024-10-19
109,Stephanie,Adams,stephanie.adams@davis.biz,(974)967-6212x0216,659 Michelle Villages,South Samantha,DE,54408,USA,2024-10-24
110,Brandon,Green,brandon.green@smith-oneill.net,001-499-235-8891x63756,287 Booth Club,Floresmouth,KY,07100,USA,2025-02-04
111,Jeffrey,Schneider,jeffrey.schneider@montoya-miller.info,001-371-877-5170,88019 Wu Points Apt. 755,Port Jeffreymouth,MA,73921,USA,2025-07-29
112,Carol,Moran,carol.moran@baldwin-wilson.com,4559488510,614 Jacob Walk,Lewisborough,VT,44794,USA,2023-05-26
113,Katherine,Williams,katherine.williams@monroe.info,498.427.0808x697,69958 Barnes Rest,West Raymond,MA,39058,USA,2024-11-12
114,Linda,Taylor,linda.taylor@graves.net,783-933-9452x28851,846 Alexandra Burg Suite 200,West Karen,GA,38068,USA,2025-11-05
115,John,Franco,john.franco@mueller.com,819.883.8638x406,004 Christine Tunnel Suite 359,Port Jenny,ID,39059,USA,2024-11-06
116,Gregory,Fleming,gregory.fleming@rivers.net,660-264-8422,2025 Kim Road Suite 798,Charlesmouth,NC,29331,USA,2023-09-21
117,Abigail,Hartman,abigail.hartman@perry.biz,953-235-5543,573 Susan Springs,Patrickville,MS,34132,USA,2025-03-28
118,Jennifer,Johnson,jennifer.johnson@short.info,504.535.8112x8801,38612 Stephen Isle Apt. 110,Port Johnathan,CA,75862,USA,2023-11-28
119,Rhonda,Russell,rhonda.russell@mccoy-hamilton.com,(618)309-1901x5814,6607 Amanda Dale Suite 842,Ericastad,AL,73052,USA,2025-04-20
120,Donald,Williams,donald.williams@carlson.com,653.568.2223,90878 Kelly Cliff,Coreyshire,NM,43866,USA,2024-06-16
121,David,Rios,david.rios@mitchell.com,277-759-4929x95562,64525 Ford Knolls,Tonyville,HI,85114,USA,2025-07-09
122,Christopher,Ramirez,christopher.ramirez@vance.com,001-611-908-0996x9308,6394 Steven Pass,South Michaeltown,TN,31811,USA,2025-07-20
123,Gabrielle,Todd,gabrielle.todd@griffin.org,001-627-750-3731,38567 Keith Canyon,Dakotahaven,SC,36348,USA,2024-01-23
124,Beth,Hudson,beth.hudson@valdez-diaz.com,946.438.6557x79082,84322 Michael Stravenue,Lake Jerrymouth,VA,15356,USA,2024-12-27
125,Emma,Mendoza,emma.mendoza@martin.com,(299)422-8092,86990 Valentine Forge Suite 977,East Maria,PA,19206,USA,2025-06-02
126,Lori,White,lori.white@dixon.info,+1-891-436-6210x388,79908 Christopher Shoals,New Amber,AL,89441,USA,2025-09-13
127,Ryan,Fisher,ryan.fisher@wolfe.com,865.699.1624x7314,09818 Nicholas Ford,Robertville,FL,56347,USA,2025-09-17
128,Brenda,Green,brenda.green@henderson.biz,001-736-888-7258x87449,137 Craig Pass,Hartmanside,RI,91865,USA,2025-11-07
129,Jasmine,Martin,jasmine.martin@smith.org,(211)443-5190x66984,0384 Arthur Rapid Apt. 920,Johntown,GA,11883,USA,2024-02-11
130,Kimberly,Gomez,kimberly.gomez@sullivan-gonzalez.com,001-911-884-8955x4393,2681 Wesley Junctions,Port Williamview,FM,71005,USA,2025-05-21
131,John,Ramos,john.ramos@hart-carrillo.com,001-777-290-7141x63356,41651 Thomas Knoll Apt. 942,South Jillian,IA,96895,USA,2023-12-21
132,Monique,Clark,monique.clark@conley.com,(911)717-9080,9472 Sanders Terrace Apt. 086,Ayerston,NY,46020,USA,2024-08-12
133,Michelle,Parsons,michelle.parsons@bray-wolfe.info,500-636-9155x94284,552 Coleman Manor Suite 564,Whiteberg,OK,90417,USA,2023-11-30
134,Lisa,Le,lisa.le@peters.com,(727)902-6728,8906 Hannah Circle Apt. 471,Garnerview,MN,47727,USA,2025-04-28
135,Angela,Patrick,angela.patrick@smith-martinez.org,999.982.4558,9472 Danielle Junction,Welchshire,MO,09852,USA,2023-04-11
136,Fernando,Perez,fernando.perez@delgado-page.org,+1-564-675-9876x2202,26111 Kelley Burg,Warrenland,CT,34901,USA,2025-07-27
137,Eric,Pena,eric.pena@parker-wright.com,622.982.0055x778,829 Welch Roads,Millsside,ME,46005,USA,2024-12-27
138,Amber,Ballard,amber.ballard@parker-gutierrez.com,200-882-5478x0774,308 Lopez Points Suite 632,Claytonbury,KS,10883,USA,2024-09-25
139,Colleen,Black,colleen.black@aguirre.net,963-512-2417x974,20802 Julian Crossroad Suite 031,North Tristan,MA,55583,USA,2024-04-07
140,Kristi,Jimenez,kristi.jimenez@ford-moody.com,520-646-1872,13673 James Street Apt. 837,Maldonadoport,MD,21290,USA,2025-08-13
141,Jessica,Garner,jessica.garner@meyer.com,(803)513-6502x491,97925 John Parks,Lake Christineton,AR,47099,USA,2025-09-06
142,Eric,Herrera,eric.herrera@martinez.com,+1-257-930-6524,487 Ashley Plains Suite 574,North Amanda,NV,39255,USA,2024-01-23
143,Amber,Gibson,amber.gibson@hunter.org,(693)751-8638x782,511 Bradley Curve Apt. 031,Leeton,OK,84616,USA,2024-08-04
144,Diane,Fox,diane.fox@garza.com,7372170586,014 Shirley Path Apt. 138,Lopezhaven,TN,33106,USA,2025-05-13
145,Colleen,White,colleen.white@grant.org,(976)712-2868x528,556 Mckenzie Islands Apt. 983,Cannonview,MN,59798,USA,2024-11-04
146,Susan,Smith,susan.smith@bird.com,424.304.3350x48889,5224 Preston Gateway,West Lisa,CO,75275,USA,2024-08-22
147,Ashley,Robinson,ashley.robinson@cummings.com,891.394.0961x0556,906 Kevin Canyon,Amberberg,MD,66351,USA,2025-11-27
148,Jeffrey,Williams,jeffrey.williams@osborn.org,813.664.6225x17908,8622 Hansen Oval,Pearsonborough,OH,81240,USA,2025-03-03
149,John,Jones,john.jones@morris-glass.com,266-655-3559,9792 Williams Viaduct,East Gina,FL,99818,USA,2023-04-22
150,Daniel,Brown,daniel.brown@mcintosh.com,914-477-0538x33884,9804 Brian Flats,Briantown,CA,51441,USA,2025-09-30
151,Joseph,Christian,joseph.christian@ward.biz,468.515.7981,003 Cook Lock Apt. 055,Colleenbury,NY,36660,USA,2023-03-16
152,Connie,Johns,connie.johns@raymond.com,(856)521-6893,4957 Jamie Dam,Port Devin,UT,92924,USA,2025-03-02
153,Renee,Jordan,renee.jordan@douglas.com,618-481-2520x56647,22099 Obrien Ridge,New Jesse,TX,03919,USA,2024-06-20
154,Christopher,Chan,christopher.chan@shaw.info,001-252-667-7223x306,33127 Watts Way Suite 366,New Jillfurt,VA,41513,USA,2024-08-13
155,Cheryl,Newton,cheryl.newton@herrera.com,517.670.3886x08680,4472 Phillips Center Apt. 771,East Kimberlyside,DC,52021,USA,2024-09-12
156,Marcus,Johnson,marcus.johnson@garza-marquez.com,814.452.1117x518,602 Cunningham Shoals Apt. 222,South Kylemouth,LA,82611,USA,2023-09-16
157,David,Anderson,david.anderson@smith.com,877.980.9733x977,903 Harvey Point,North Jack,AR,86127,USA,2024-06-04
158,Benjamin,Nash,benjamin.nash@lane.com,4169224999,14556 Katherine Ville Apt. 472,Lake Michelemouth,NC,54733,USA,2025-03-04
159,Jason,Clark,jason.clark@rodriguez.net,779-446-9548,772 Jeanette Fields Apt. 107,Lake Melaniechester,MT,06463,USA,2024-05-11
160,Michael,Shaffer,michael.shaffer@smith.com,214-448-8501x556,5770 Timothy Road,Mcclainside,MH,44424,USA,2024-11-27
161,Kristen,Gutierrez,kristen.gutierrez@brown.com,+1-680-239-5512,8299 Lopez Crescent Suite 504,Millerbury,MN,59733,USA,2024-03-24
162,Javier,Turner,javier.turner@brooks.com,978-607-8235,18230 Hughes Way Apt. 040,West Steventon,CT,68734,USA,2025-09-28
163,Julie,Johnson,julie.johnson@fowler-clark.com,444.685.7142,98813 Dunn Groves,Lake Linda,OK,32590,USA,2023-09-02
164,Charles,Austin,charles.austin@fernandez-williams.com,701.660.1662x9979,81792 Lisa Square Suite 174,Ruizbury,FL,81364,USA,2024-01-14
165,Roberta,Myers,roberta.myers@stark.com,470.317.1577x245,158 Laura Place Suite 696,New John,GA,63726,USA,2024-07-28
166,Carl,Clark,carl.clark@garza.com,+1-932-719-7199,2461 Gina Ranch,Murphyton,CO,29023,USA,2023-07-13
167,Paige,Berger,paige.berger@pacheco.info,+1-646-699-7335,519 Cheryl Pass Suite 240,Rachelton,AL,92691,USA,2025-04-27
168,Lori,Howard,lori.howard@glenn-young.org,(856)766-6832x7238,42201 Douglas Oval Suite 212,Daltonchester,RI,24067,USA,2024-11-14
169,William,Arnold,william.arnold@cruz-perez.biz,+1-209-973-8468x950,97128 Marshall Common Apt. 371,Chloemouth,ND,01914,USA,2024-12-07
170,Shawn,Escobar,shawn.escobar@gross.com,620-294-9407x9290,1281 King Ridges Suite 440,New Gregshire,WA,20310,USA,2025-09-28
171,Sean,Morton,sean.morton@patton-young.com,705.212.9276x63723,02767 Alvarez Terrace Apt. 667,Dustinchester,AL,38353,USA,2024-11-06
172,Patrick,Stewart,patrick.stewart@vega.com,(794)454-4149x67393,001 Robert Pine Apt. 753,Johnathanton,AK,81686,USA,2023-05-01
173,Brian,Wheeler,brian.wheeler@sampson.com,001-911-392-6921x244,6542 Joshua Circle Suite 650,Stephanieview,HI,58248,USA,2023-03-27
174,Travis,Mcfarland,travis.mcfarland@long.net,001-263-991-7410x11947,006 Hernandez Isle,Andrewshaven,VT,64815,USA,2024-12-21
175,Ryan,Anthony,ryan.anthony@fernandez.biz,001-771-398-5546x015,3280 Guerrero Hills Suite 157,Lake Samuelborough,DC,05180,USA,2023-10-05
176,Anthony,Davies,anthony.davies@burns.net,+1-547-987-0050x5061,931 Jill Overpass,South Rebeccaton,IA,92421,USA,2025-09-12
177,David,Jackson,david.jackson@conway.info,+1-829-711-1799x313,1982 Copeland Underpass Apt. 092,Bryanview,FL,99794,USA,2024-09-14
178,Gary,Wood,gary.wood@gonzales.com,(219)462-0710,946 Schwartz Ford,Lake Joseph,NV,54506,USA,2023-12-16
179,Sharon,Bishop,sharon.bishop@carlson.info,+1-714-556-0833x181,340 Daniel Drive Suite 722,North Deannaport,IL,57474,USA,2024-01-04
180,Matthew,Trujillo,matthew.trujillo@williams-yang.net,(720)878-1137,531 Perez Freeway,Kanefurt,MH,29423,USA,2023-04-03
181,Thomas,Washington,thomas.washington@thomas-reilly.info,(765)427-3543,904 Daniel Mountain,Barnesmouth,IN,39188,USA,2025-07-04
182,Eric,Norton,eric.norton@whitehead.com,268-873-9774,56939 Robin Avenue,Bairdton,NJ,96639,USA,2025-01-31
183,Arthur,Schmidt,arthur.schmidt@pacheco-horton.com,373.218.0632x543,427 Tiffany Mountain Apt. 625,Padillatown,VI,82723,USA,2023-03-29
184,Paul,Vazquez,paul.vazquez@johnson.org,+1-293-319-5085,7905 Thompson Points Apt. 832,Johnville,SD,63218,USA,2025-05-29
185,Monica,Warner,monica.warner@hodges.net,+1-664-901-5577x88178,137 Christopher Fall Suite 112,Danielberg,NM,20227,USA,2023-10-23
186,Abigail,Burton,abigail.burton@butler-fleming.com,756.770.4310x3856,887 Torres Curve Suite 243,Watsonport,WI,06703,USA,2023-07-28
187,Michael,Bryant,michael.bryant@montgomery.net,722-422-3105x9274,055 Nathan Plains,New Kevin,PW,03767,USA,2024-08-29
188,Sarah,Mack,sarah.mack@reilly-moore.net,354.674.9297x51702,9375 Mark Rest,New Alicia,WY,36929,USA,2023-10-10
189,Andrew,Ryan,andrew.ryan@rhodes-rosario.net,(837)759-9805x6265,5547 Jason Mills,Laraport,GA,95921,USA,2024-09-28
190,Jessica,Perry,jessica.perry@harper.net,519-461-0646x28792,8704 Snyder Streets Suite 300,West Kevin,SC,83936,USA,2024-12-13
191,David,Wade,david.wade@butler-vasquez.com,8146719597,158 Megan Estates Apt. 257,West Frank,KY,47839,USA,2024-09-21
192,Daisy,Friedman,daisy.friedman@roberts.com,732.419.2855x44518,84576 Mccall Estates,East Ericbury,MP,25197,USA,2025-04-25
193,Christina,Guerra,christina.guerra@mathis.com,(771)412-0754x52798,13223 Martinez Curve Apt. 611,Port Toddchester,AZ,26237,USA,2023-05-26
194,Antonio,Keller,antonio.keller@brown.com,601-719-3932x5012,89389 Cory Prairie Apt. 833,Georgeside,AL,95573,USA,2023-05-12
195,Sandra,Knapp,sandra.knapp@wells.com,(756)363-8361,82754 Christopher Park Apt. 647,Gloriamouth,IN,73103,USA,2024-09-02
196,Kelly,Wyatt,kelly.wyatt@gates.com,(407)816-7811,912 Michael Flat Suite 396,East Maryfort,KY,94020,USA,2025-05-31
197,Brittney,Avila,brittney.avila@harding.biz,384.227.1147x7320,0269 Hernandez Road,Port Charleshaven,WI,65013,USA,2024-12-02
198,James,Bates,james.bates@wagner-daniels.net,+1-900-961-6756,28427 Taylor Stravenue,Freemanville,OK,88977,USA,2025-01-10
199,Donna,Jennings,donna.jennings@harrison.com,(447)796-9545x0090,905 Davis Key Suite 650,East Jimmy,ME,78165,USA,2023-04-20
200,Renee,Jones,renee.jones@wilson-jackson.net,807-769-8640x79056,1357 Jackson Hills,Taraborough,NM,83789,USA,2023-04-06
201,Mary,Herrera,mary.herrera@baker-evans.org,(839)519-1954x1987,48468 Gonzalez Locks Suite 987,North Courtney,NC,24951,USA,2025-05-24
202,Victor,Guerrero,victor.guerrero@hurley.org,001-769-308-3572x32466,4424 Richard Crescent,East Anthony,AS,41204,USA,2024-11-30
203,Todd,Esparza,todd.esparza@lucas-johnson.com,720-644-8207x001,5162 Daniel Street,New Elizabethshire,WI,69347,USA,2024-01-05
204,Tyler,Davis,tyler.davis@martinez.org,001-263-963-2123x4764,158 Wells Gateway Suite 257,Loritown,SD,79906,USA,2023-02-02
205,Mckenzie,Bates,mckenzie.bates@vazquez.com,686-645-1837x606,43275 Mccormick Harbor,Port Kimberlyfort,NJ,97093,USA,2024-09-11
206,Sara,Cook,sara.cook@mcdowell-wilkins.com,001-448-915-6985x700,63459 Daniel Gateway,Port Brooke,MT,42365,USA,2024-11-10
207,Timothy,Moss,timothy.moss@thompson-watkins.com,531-365-2669x3008,42069 Burke Drive Apt. 529,North Jenniferchester,WI,59969,USA,2025-10-21
208,Troy,Walker,troy.walker@lee.com,001-476-226-3934x3626,3973 Aguilar Rue Suite 107,Port Marcus,UT,52609,USA,2025-11-10
209,Jason,Reyes,jason.reyes@fitzgerald-scott.com,+1-200-253-7599,964 Lambert Curve Apt. 924,New Trevor,MA,61853,USA,2023-07-02
210,Christopher,Page,christopher.page@thomas-wilson.com,(774)856-4494,7287 Jacob Center,East Barry,KS,21938,USA,2024-12-04
211,Samuel,Carney,samuel.carney@williams-kelly.net,677.512.1513x4228,926 John Parks,West Anthonyville,MO,49464,USA,2025-06-14
212,Sarah,Rodriguez,sarah.rodriguez@hernandez-miller.info,249.605.0975x923,18961 Scott Garden Suite 103,South Kimberly,LA,85326,USA,2025-09-21
213,Eric,Evans,eric.evans@fitzgerald-dorsey.org,(951)658-3776,65926 Davis Passage Suite 732,Rosehaven,CO,38604,USA,2024-12-06
214,Samuel,Solomon,samuel.solomon@evans-joyce.com,386.849.0810,79454 Kayla Brook Apt. 722,Williamschester,FM,92825,USA,2024-03-16
215,Lee,Ramsey,lee.ramsey@cole.com,221.894.1680,27769 Turner Via,Hannahfurt,AS,40170,USA,2023-04-25
216,David,Smith,david.smith@cabrera.com,6379236831,6012 Joanne Mills,Ruizmouth,OR,32302,USA,2023-10-18
217,Kenneth,Gallegos,kenneth.gallegos@williams-smith.biz,(579)298-4076x78997,9581 Orozco Mall,Wilsonstad,NV,91925,USA,2024-10-17
218,Andrew,Roberts,andrew.roberts@harrison.com,539.659.7246x65729,722 Eric Overpass,Port Robertfort,ME,31266,USA,2023-10-31
219,Angela,Kidd,angela.kidd@ibarra-kelly.com,(380)515-6193,5508 Kemp Walk Apt. 077,North Kimberlyville,GU,74225,USA,2023-02-13
220,William,Jackson,william.jackson@pitts.com,001-847-287-1255x2137,5482 Joseph Stravenue,Wardbury,FL,99225,USA,2025-03-11
221,Robert,Perez,robert.perez@gutierrez-ortiz.info,250.872.0811x55626,290 Barnes Springs,Jennifermouth,PW,45610,USA,2022-12-22
222,Margaret,Mccullough,margaret.mccullough@knapp.com,+1-299-775-6341,288 Lewis Pass Suite 852,North Pamelaside,OR,34408,USA,2023-12-19
223,Marilyn,Torres,marilyn.torres@benitez-rodriguez.com,(748)551-0174x907,4492 Stone Gateway,West Zacharyborough,GU,47853,USA,2024-11-14
224,Corey,Dawson,corey.dawson@miller-brown.com,937.815.8698x8649,762 William Oval Suite 288,Lake Jasonfort,AZ,98345,USA,2023-08-10
225,Sherry,Wood,sherry.wood@guzman.com,659-740-8215,7022 Williams Inlet Suite 327,North Amyland,VI,06357,USA,2024-09-18
226,Timothy,Collins,timothy.collins@mccullough-harrington.info,001-892-828-7772x5199,5807 Brewer Way,Lake Angel,SC,93221,USA,2024-04-02
227,Ann,Martinez,ann.martinez@miller.com,001-283-678-0182,97189 Morales Cape,Atkinstown,MA,57781,USA,2023-09-16
228,Robert,Heath,robert.heath@reyes-davis.com,+1-824-422-4124,520 Kenneth Courts,Douglasmouth,KS,49720,USA,2023-06-15
229,Brett,Allen,brett.allen@willis.biz,240-857-8617,48913 Kevin Lodge,Millerhaven,IL,19161,USA,2024-07-11
230,Amber,Jackson,amber.jackson@medina.net,600.879.4200x749,398 Williams Streets Apt. 416,Port Donaldside,KY,57119,USA,2023-11-02
231,Cheryl,Bernard,cheryl.bernard@henson-dougherty.com,001-974-235-5379x50209,268 Farmer Plain,Port Nancyland,ND,04557,USA,2025-10-18
232,Sean,Martinez,sean.martinez@carey-howard.com,001-601-575-3703x04531,5047 Adrian View,Rodriguezview,OK,66079,USA,2025-01-15
233,George,Lee,george.lee@knight.com,001-521-224-9384,870 Davidson Run Apt. 566,Davidhaven,NH,65456,USA,2024-06-23
234,Zachary,Williams,zachary.williams@walker.info,706-635-1903x61332,107 Morton Ramp,Marybury,CT,62573,USA,2023-12-15
235,Susan,Wall,susan.wall@stone-young.com,001-499-271-7911x00651,49611 Anita Hill Suite 619,Halltown,NH,50822,USA,2024-11-30
236,Laura,Hobbs,laura.hobbs@garcia.com,485.693.1109x193,7972 Devin Cape Apt. 249,Palmerstad,ME,77003,USA,2025-03-29
237,Kimberly,Hernandez,kimberly.hernandez@morrison-carter.com,792.503.8806x53331,795 Jensen Manor Suite 217,South Jeffreytown,SC,29733,USA,2025-11-20
238,Jerry,Hanson,jerry.hanson@castillo.biz,362.405.0150,3950 James Haven Apt. 342,Melaniebury,HI,26189,USA,2023-01-12
239,Gregory,Green,gregory.green@smith.com,(315)334-7355x2896,33865 Greene Roads,North Kathryn,OR,25286,USA,2025-03-20
240,Kelly,Hernandez,kelly.hernandez@brown.com,997.431.7912x86857,587 Wells Prairie Suite 903,East Shannon,IA,52392,USA,2023-11-14
241,Kevin,Oneal,kevin.oneal@moore.com,(914)778-5390,7665 Stewart Light Apt. 273,Deannastad,MH,11303,USA,2024-03-11
242,Megan,Hunt,megan.hunt@miller.com,650-683-5354,928 Smith Hills,Lynnfurt,MO,76516,USA,2025-09-22
243,Alexander,Valdez,alexander.valdez@grimes.com,001-837-838-9877x5153,7805 Barbara Crossroad,Sherrytown,NM,86857,USA,2024-06-12
244,Matthew,Barnes,matthew.barnes@goodwin.com,590-890-2259x99966,637 Mark Mission,Christopherville,TX,72971,USA,2023-09-11
245,Antonio,Barker,antonio.barker@johnson-gonzalez.biz,833-848-1705x8025,28671 Friedman Way,East Monica,ME,57150,USA,2025-10-07
246,Thomas,Munoz,thomas.munoz@matthews-shaw.info,930-927-1693x859,014 Reed Ville Suite 692,Wrightchester,NH,50919,USA,2025-09-28
247,Isaac,Carroll,isaac.carroll@hale-williams.com,784-813-7681x511,43807 Charles Square Suite 656,South Benjamin,KS,15532,USA,2023-07-10
248,Mark,Goodman,mark.goodman@murray-miller.com,001-372-874-2209x124,04275 Jay Bypass,South Heather,MP,83704,USA,2025-03-01
249,Danielle,Moran,danielle.moran@myers.info,5903063353,0053 Jeffrey Court,Lake Gary,MT,67675,USA,2023-05-26
250,Lisa,Morris,lisa.morris@lopez.biz,733-215-5206,73149 Williams Forge Suite 497,Lake Amandashire,GA,33523,USA,2023-05-06
251,Carol,Jarvis,carol.jarvis@price.com,225-571-5099x76838,143 Todd River,North Devinfort,LA,26979,USA,2023-08-02
252,Nicholas,May,nicholas.may@mclean.info,001-552-545-0864x0355,339 Boyd Falls,Sotoland,VI,64941,USA,2023-03-28
253,Stephanie,Williams,stephanie.williams@mays.com,(698)433-8167,62934 Ray Roads,West Michelle,NJ,10988,USA,2024-06-20
254,Raymond,Jackson,raymond.jackson@henderson-lynch.biz,001-827-906-6149x82824,4689 Jones Dale Suite 323,North Michellestad,NM,53526,USA,2024-09-15
255,Shelby,Waller,shelby.waller@cruz-parker.org,660-716-9236,506 Fitzgerald Gardens Suite 050,West Catherine,TX,19816,USA,2024-01-09
256,John,Lane,john.lane@skinner.biz,(691)883-6264x4886,95243 Hale Avenue,Port Travis,CT,09655,USA,2025-11-25
257,Robert,Butler,robert.butler@quinn-jackson.com,(523)472-8179,23467 Miranda Expressway,West Christopherville,KY,08924,USA,2024-05-24
258,Anthony,Young,anthony.young@chambers-garcia.com,909-901-3806x984,655 Key Viaduct Apt. 566,West Morganville,AL,60390,USA,2025-11-28
259,Richard,Houston,richard.houston@johnson.net,735-279-7863x050,739 Ross Ridge Apt. 567,Lake Paulborough,VT,19265,USA,2025-02-24
260,Nancy,Glover,nancy.glover@wagner.com,+1-887-227-1783x33211,6434 Lynn Skyway,Lake Derekside,SC,95582,USA,2025-01-12
261,Christopher,Holt,christopher.holt@huynh.com,+1-356-768-6334x1411,195 Melissa Light,West Bryanside,ID,51376,USA,2024-09-28
262,Luis,Diaz,luis.diaz@peck.org,516.908.7524,94209 Parker Spurs Apt. 497,South Kelly,MS,08209,USA,2024-05-10
263,Eric,Moran,eric.moran@michael.com,364.620.8656x7566,386 David Terrace Apt. 472,South Heather,LA,19483,USA,2023-10-31
264,Jeffery,Goodman,jeffery.goodman@curtis.com,+1-826-462-0157x20185,01367 Watts Extensions Suite 176,Cynthiamouth,MN,02021,USA,2023-06-14
265,Darryl,Martinez,darryl.martinez@barnett.org,001-674-419-2676,1826 Phillip Viaduct,Brownshire,ND,94053,USA,2025-09-17
266,David,Mullins,david.mullins@merritt.com,4873510293,11845 Rodney Shoals Apt. 340,Donnamouth,DC,76138,USA,2025-01-09
267,Heather,Mills,heather.mills@obrien-dixon.com,+1-603-403-2432x98395,84462 Bryant Glens Suite 283,Lake Jessicaborough,VT,49278,USA,2025-05-03
268,Diane,Hoover,diane.hoover@martin.biz,(309)731-4181x8615,2340 Nicholas Forges Suite 112,Briannafort,CT,69832,USA,2024-06-03
269,Jackie,Grimes,jackie.grimes@nelson.com,001-462-458-8967x92408,9405 Erika Manor,Whitestad,AS,61929,USA,2025-01-28
270,Justin,Cisneros,justin.cisneros@david.com,+1-314-665-1113x1290,68277 Richard Ridges Apt. 068,Johnhaven,TX,80349,USA,2023-02-13
271,Catherine,Oconnell,catherine.oconnell@conrad.com,452-785-0676,3814 Webb Greens,North Joann,OK,52093,USA,2023-11-12
272,Sandra,Hickman,sandra.hickman@robertson.org,805.709.7545x1052,67318 Robert Oval,East Kaylaview,IN,62196,USA,2024-08-15
273,Nicholas,Diaz,nicholas.diaz@herrera.com,272.425.6053x134,5023 Moyer Grove Apt. 678,Marshberg,MD,98947,USA,2024-08-22
274,Warren,Mclean,warren.mclean@anderson-rosario.com,(225)880-3056,4716 Christina Stream Apt. 341,Virginiabury,TN,56751,USA,2023-10-14
275,Thomas,Patton,thomas.patton@haynes.org,(639)523-1260,0931 Omar Pine,Isabelbury,IN,44564,USA,2024-10-01
276,Timothy,Hicks,timothy.hicks@williams.com,001-963-650-2000x534,2475 Torres Court,Lake Andreaberg,MA,47761,USA,2024-06-23
277,Julia,Chapman,julia.chapman@watson.biz,912-391-0933,954 Mayo Flats,North David,MT,72655,USA,2024-01-06
278,Patricia,Malone,patricia.malone@hester.com,(217)568-8029x42409,8812 Christensen Lights Suite 694,East Adam,OK,29049,USA,2025-06-16
279,Heather,Suarez,heather.suarez@gibson.com,544.681.2308,242 Marks Center,Port Jason,DE,00684,USA,2025-09-12
280,Michael,Jacobs,michael.jacobs@nguyen-potts.net,626-294-5005x342,649 Lisa Forges,Josephshire,SC,99184,USA,2024-08-15
281,Eric,Hall,eric.hall@hamilton.info,(272)623-9724,69312 Ronald Motorway,Garciahaven,DC,95759,USA,2022-12-28
282,Carrie,Gray,carrie.gray@rodriguez.com,(731)342-9001,79724 Mendoza Gardens,New Heatherside,DE,03280,USA,2023-02-17
283,Curtis,Phillips,curtis.phillips@tanner.com,3369625436,31451 Wilson Corner,New Edwardchester,NC,44389,USA,2025-06-28
284,Howard,Coleman,howard.coleman@mcdaniel.com,975-341-0225x267,642 Marcus Crossroad,Port Paul,MD,65277,USA,2024-09-28
285,Timothy,Dudley,timothy.dudley@leon.com,(868)578-8788x3619,50305 Rosario Creek,West Michaelberg,LA,60845,USA,2023-07-21
286,Mary,Arnold,mary.arnold@sanchez-carey.com,001-421-226-0650x1917,2131 Ashley Via,Hernandezburgh,NJ,97960,USA,2023-07-15
287,Kaitlin,Hale,kaitlin.hale@harrison-sharp.info,+1-804-912-0092x8206,843 Huynh Groves Apt. 862,South Christine,IN,51919,USA,2023-09-21
288,Lynn,Daugherty,lynn.daugherty@skinner.com,+1-766-220-5634x1115,2811 Carla Throughway,Jacobborough,SC,04743,USA,2023-12-18
289,Joseph,Davila,joseph.davila@williams.com,714-805-4683x56521,209 Woods Ways,West Evanmouth,CO,82545,USA,2023-05-03
290,Stephanie,Hall,stephanie.hall@aguirre.com,001-228-889-8572x54596,99129 Davis Bridge,Port Monica,OH,11926,USA,2025-01-23
291,Clinton,Edwards,clinton.edwards@martin-ramirez.com,(911)227-4747x219,6692 Richardson Vista Suite 516,Bakerton,RI,84893,USA,2023-03-08
292,Joyce,Sanchez,joyce.sanchez@smith.com,001-961-936-7157,21663 Murphy Island,Wendyfort,IL,92551,USA,2024-12-18
293,Danny,Gibson,danny.gibson@moore.com,001-209-560-5673,644 Christopher Cliff,Richardport,VI,93851,USA,2024-11-10
294,Monica,Warren,monica.warren@orozco.biz,242-535-6778x26596,992 Beck View,Alexismouth,FL,65964,USA,2024-04-14
295,Daniel,Cordova,daniel.cordova@baker-bowen.info,(479)810-3368,3390 Cervantes Brook,Peggyhaven,GU,16851,USA,2025-11-30
296,Victor,Duarte,victor.duarte@jenkins-bell.net,(885)612-7652x89286,491 Linda Cove Apt. 096,South Karenside,CT,83538,USA,2024-10-29
297,Wesley,Shaffer,wesley.shaffer@roberts.info,+1-861-237-1576,84444 Nunez Avenue Suite 000,Port Nicholas,GU,68522,USA,2025-06-28
298,Lonnie,Jackson,lonnie.jackson@haney.com,+1-860-596-2626x582,281 Cameron Road,Maryburgh,MD,27208,USA,2023-05-03
299,Christopher,Kim,christopher.kim@carrillo.net,596-602-7523,364 Joshua Divide,Lake Traciville,DE,60679,USA,2025-06-22
300,David,Thomas,david.thomas@kline-davis.info,(836)717-0617x136,24029 David Junctions Suite 799,East Aimeeview,DE,25777,USA,2025-07-08
301,Anthony,Johnson,anthony.johnson@hodges.com,5523312447,847 Graham Locks Apt. 423,Suzanneville,OR,77516,USA,2024-04-07
302,Gabriel,Harris,gabriel.harris@freeman.com,691-896-6395x51720,856 Danny Valleys Suite 625,North Jason,MN,49255,USA,2023-07-23
303,Kimberly,Martinez,kimberly.martinez@barker-love.com,395.638.1649x383,665 Gonzalez Causeway,Jimenezview,MT,16132,USA,2023-06-20
304,Shawn,Guzman,shawn.guzman@reyes.org,7742260880,1644 Molina Locks,New Kimfort,RI,06670,USA,2024-08-12
305,Kenneth,Riggs,kenneth.riggs@allison-coffey.com,(491)303-0021x563,580 Jordan Tunnel,North Brandonport,CA,35068,USA,2024-05-04
306,Hailey,Conner,hailey.conner@nelson-jackson.com,001-371-525-2967,745 Perez Greens Suite 158,Lake Deborah,PR,27487,USA,2025-11-23
307,Christian,Bonilla,christian.bonilla@lewis.com,963.471.5398x854,35679 Kimberly Field,West Rodneyport,VI,76161,USA,2025-09-12
308,Curtis,Murray,curtis.murray@mcgee.com,724.807.8754x181,68685 Scott Land,North Deborahchester,ID,39036,USA,2023-09-30
309,Richard,Wheeler,richard.wheeler@lawson.com,+1-631-531-0094x3181,6134 Harris Turnpike Apt. 549,Jessicaville,HI,66461,USA,2025-12-02
310,Christy,Stevenson,christy.stevenson@allen.com,772-907-6502x41209,3710 Ashley Highway,New Wesley,WV,19713,USA,2023-05-04
311,Craig,Lara,craig.lara@chavez-navarro.net,374-657-0545x897,63257 John Streets,Howardland,ID,50017,USA,2025-08-28
312,Daniel,Hill,daniel.hill@shelton.net,(545)256-9644,167 Roberts Branch Suite 272,Cindyburgh,ME,64310,USA,2024-03-01
313,Calvin,Phillips,calvin.phillips@williams-campbell.org,607-440-6500,8821 Thomas Street Apt. 691,Jefferyfort,MI,33102,USA,2025-10-29
314,Dana,Henderson,dana.henderson@orozco.org,629-665-9234x2683,9782 Patton Village,Davishaven,NV,91482,USA,2024-04-09
315,William,Jennings,william.jennings@mcdonald-patterson.biz,(470)680-6129x43985,2607 Combs Corner,West Mariaville,MA,78402,USA,2023-05-10
316,Lynn,Cunningham,lynn.cunningham@rivera.net,001-903-582-8723x2440,02918 John Cove,Johnsonhaven,NV,51712,USA,2023-03-06
317,Sara,Evans,sara.evans@mcgrath-wilkins.net,597-991-6202x232,4197 Contreras Lock Suite 176,Hernandezport,NH,16246,USA,2025-05-04
318,Pedro,Carpenter,pedro.carpenter@brewer.org,505.727.7402x588,122 Rios Port Suite 724,Sandraland,PW,85060,USA,2024-12-30
319,Nicholas,Ruiz,nicholas.ruiz@white.net,425-599-5996x100,177 Wolf Trail,North Rachel,HI,95942,USA,2024-07-28
320,Katelyn,Fisher,katelyn.fisher@brown.com,9178590251,983 Johnny Mill,Jeremiahburgh,NE,69776,USA,2023-10-04
321,Christopher,Johnson,christopher.johnson@davis.com,(969)781-5287x339,821 Patterson Lane Apt. 912,Craigfort,IN,07248,USA,2025-07-01
322,Amber,Johnson,amber.johnson@nielsen-king.com,624-818-9389,197 Delgado Bypass,Robertborough,MA,08285,USA,2023-07-14
323,James,Montoya,james.montoya@glass-alvarado.com,371.999.0516,0107 Debra Meadows,Turnerbury,AK,07756,USA,2023-01-19
324,Kim,Shepherd,kim.shepherd@franklin.com,+1-470-366-2668,95535 Hull Freeway Apt. 190,South Julie,FM,70784,USA,2025-05-10
325,Brandon,Pham,brandon.pham@wright.info,(840)955-9342,114 Troy Street,Priscillabury,NV,93972,USA,2024-03-24
326,Shelly,Deleon,shelly.deleon@melton-sanchez.com,588-610-5697x41328,52037 Benton Brooks,Huffview,KY,77602,USA,2024-07-28
327,Kevin,Hanna,kevin.hanna@ramirez.biz,606.267.0336x2680,95493 Matthew Village Suite 601,Farleyport,PR,70593,USA,2024-11-29
328,Rodney,Ball,rodney.ball@green.com,(804)241-3845,4490 Kurt Shore Suite 427,Smithtown,NH,05351,USA,2024-06-19
329,Timothy,Richard,timothy.richard@ortiz.com,598-451-7244x472,031 Jack Parkways,Rileyton,OH,94526,USA,2023-11-29
330,Bruce,Klein,bruce.klein@hester-smith.com,+1-309-335-1187,59561 Liu Divide,West Catherinestad,MA,53996,USA,2025-09-17
331,Nicholas,Dunlap,nicholas.dunlap@howell-martin.com,829-201-9358x8953,1139 Ryan Crossing,New Thomashaven,NC,58306,USA,2024-04-15
332,Joseph,Huff,joseph.huff@bartlett-murphy.com,775.313.7651,793 Hartman Forks Apt. 836,New Jorge,LA,45271,USA,2024-04-10
333,David,Ortiz,david.ortiz@lucero.com,(370)421-6487,0212 Strong Knoll,South Heidi,IA,93822,USA,2024-03-09
334,David,Merritt,david.merritt@vargas-jensen.com,457-367-6472,99576 Gonzales Pass,Shirleyville,IN,39475,USA,2025-01-14
335,Matthew,Elliott,matthew.elliott@riley.com,(752)620-3684x9951,44773 Keith Green,East Elizabethberg,CT,27612,USA,2025-04-15
336,Mary,Fischer,mary.fischer@george.net,+1-830-970-5349,4117 Snyder Corners,West Jessica,DE,46863,USA,2023-04-11
337,Julie,Walker,julie.walker@murphy.com,278-215-0618x538,96334 Hernandez Via,Lake Tyler,DC,26528,USA,2025-08-22
338,Nancy,Tapia,nancy.tapia@curry.net,+1-432-606-4969x357,7769 Daniels Hill,East Danielport,MT,59112,USA,2024-04-28
339,John,Coleman,john.coleman@marshall.com,(562)877-9630x448,545 Myers Mills,Rosston,KY,64137,USA,2023-11-15
340,Matthew,Cardenas,matthew.cardenas@west-walker.com,+1-231-299-5298,55810 Michael Flat Apt. 863,Lauriestad,MA,54685,USA,2023-11-09
341,Angela,Wright,angela.wright@johnson.net,586-570-2440,1662 Atkins Club,New Jenniferchester,AK,02433,USA,2025-03-30
342,Cassidy,Hernandez,cassidy.hernandez@chapman.com,868-304-4731x49764,8474 Patrick Parks,Beanside,VT,14696,USA,2024-11-11
343,Jeffrey,Hester,jeffrey.hester@wise-west.info,001-514-952-1182,26978 Brian Park,Robertmouth,MP,20242,USA,2023-02-04
344,Marc,Cunningham,marc.cunningham@savage-adams.com,001-887-387-5357x78811,02812 Samuel Crescent Apt. 672,Taylorside,MT,52851,USA,2022-12-24
345,Kenneth,Graham,kenneth.graham@cortez-beard.com,659.959.2248x39589,52287 Louis Fall Apt. 710,Jacquelineborough,UT,12801,USA,2025-03-24
346,Stephen,Davis,stephen.davis@harrison.net,750.834.4694,831 Dakota Forge Suite 249,East Laurashire,SD,50694,USA,2024-05-05
347,Barbara,Castaneda,barbara.castaneda@ramirez.info,420.933.1922,1028 Coleman Mountains,Kevinville,IA,73920,USA,2024-08-11
348,Nicholas,Cruz,nicholas.cruz@kelly-roberson.com,819.732.4268x77418,57563 Patrick Fall,East Scotthaven,ID,01236,USA,2025-06-07
349,Lance,Davis,lance.davis@moon-shaw.com,+1-940-947-6044x090,78105 Chloe Station Apt. 221,Flowersville,AR,58615,USA,2025-08-26
350,Jennifer,Edwards,jennifer.edwards@ramirez.com,652-395-8066x01382,0493 Thompson Summit,West Joshuastad,DE,45255,USA,2024-12-03
351,Ashley,Horton,ashley.horton@conrad.com,001-612-559-0203x5713,0642 Taylor Island,Perezborough,KY,26613,USA,2023-09-11
352,Tiffany,Green,tiffany.green@baker-burns.org,(858)772-0962x893,58841 Jonathan Mountain Suite 018,South Donald,OR,42836,USA,2024-07-10
353,Anne,Barrett,anne.barrett@morris.com,6264755125,207 Watkins Square Suite 673,Jennifermouth,NJ,89440,USA,2024-08-24
354,Kevin,Arellano,kevin.arellano@hines.com,(464)496-9028x24983,14257 Martin Alley Apt. 324,Christopherbury,PR,27150,USA,2024-10-18
355,Christopher,Sanchez,christopher.sanchez@peters.com,(417)786-3767x316,5469 Ferguson Key,Santiagoshire,AK,29558,USA,2025-07-12
356,Gregory,Young,gregory.young@morgan-morrow.org,+1-761-832-7303x461,2446 Johnson Manor,East Raymond,NC,14451,USA,2024-12-01
357,Linda,Reed,linda.reed@garcia.com,(852)898-6707,6419 Shaw Tunnel,Josephside,MN,15138,USA,2023-09-13
358,Tina,Schmidt,tina.schmidt@berg-miller.com,994-738-9760x74017,546 Leonard Trafficway,New Josephport,MI,55165,USA,2023-01-06
359,Sean,Evans,sean.evans@larson.com,+1-963-821-8122,7938 Williams Islands Suite 029,South Williamland,MA,83959,USA,2024-03-23
360,Roberto,Johnson,roberto.johnson@scott.biz,239-744-9883,64248 Cassandra Falls Suite 406,North Kimberly,TN,17509,USA,2024-02-09
361,Joseph,George,joseph.george@flores.com,719.849.7969,055 Reed Mills Apt. 773,Lake Peter,MO,04730,USA,2025-10-01
362,Melissa,Faulkner,melissa.faulkner@tucker.net,(744)857-7029x929,48736 Nicholas Vista Apt. 163,North Ashley,HI,21356,USA,2024-08-24
363,Andrea,Bell,andrea.bell@barnes.com,451-458-8863x67747,0857 Frances Courts Suite 966,Lopeztown,RI,29886,USA,2023-07-13
364,Chelsea,Gordon,chelsea.gordon@greene.biz,2598329715,75327 Marcus Hill,North Jamiemouth,NH,32619,USA,2025-11-06
365,Carrie,Fritz,carrie.fritz@kaufman.com,+1-352-837-1006x876,819 Samuel Views Apt. 460,Reginaldhaven,SC,85649,USA,2024-10-23
366,Roy,Martinez,roy.martinez@boone.com,001-925-965-2373x4151,5475 Lyons Port,Brookeberg,FL,68891,USA,2024-03-02
367,Anthony,Beard,anthony.beard@cox.com,001-647-874-2229,303 Hernandez Bridge Suite 588,Woodsburgh,MI,84891,USA,2023-08-09
368,Brenda,Mason,brenda.mason@brooks.com,372.576.0153x43324,7908 Judith Lakes Apt. 615,West Angelaside,PR,97659,USA,2025-03-24
369,Monique,Waller,monique.waller@griffin.com,642.633.7209,312 Brown Forks,New Kathleen,NJ,61353,USA,2023-05-11
370,Amanda,Harrington,amanda.harrington@tyler-jones.info,971-673-1893,617 Brianna Roads,Gayview,WV,53869,USA,2025-07-01
371,Joseph,Welch,joseph.welch@hunter-palmer.com,283-754-8847x127,2216 Davis Wall Suite 582,Port Daniel,IN,28447,USA,2024-03-31
372,Warren,Flores,warren.flores@kennedy.com,001-425-723-6229,964 Sarah Mountains Suite 524,Jessicamouth,NV,40873,USA,2024-09-30
373,Anna,Farmer,anna.farmer@gill.com,(852)774-0334x45056,98741 John Islands,Davidshire,NJ,06530,USA,2025-09-29
374,Peter,Moyer,peter.moyer@tucker.biz,3109548574,156 Morgan Radial,Audreyside,CO,57944,USA,2023-12-25
375,Mark,Payne,mark.payne@green.com,(515)957-3257,3449 Donald Row Suite 667,Port Allisonhaven,MN,02624,USA,2025-05-06
376,Samuel,Johnson,samuel.johnson@marks.com,001-451-319-1818,316 Owens Streets Apt. 512,Shawnchester,FM,03316,USA,2024-08-24
377,Autumn,Smith,autumn.smith@smith-perez.biz,(743)495-8739,34210 Kimberly Plains,Stephaniemouth,VI,41832,USA,2023-12-02
378,Dominique,Harris,dominique.harris@coleman.com,550.827.1607,7633 Lawrence Crossing,East Williamshire,VA,68199,USA,2023-06-17
379,Frank,Clark,frank.clark@yang-howard.com,(833)818-5748x17006,5416 Perez Squares,Lake Dawnfurt,FM,62283,USA,2023-01-03
380,Stephanie,Hill,stephanie.hill@merritt.com,001-502-682-2700,626 Greg Path Apt. 251,North Tyler,ME,53408,USA,2025-08-07
381,Nathaniel,Skinner,nathaniel.skinner@morris.info,4263086982,3161 Tanya Mountain,Chaseside,NV,18117,USA,2025-07-04
382,Lisa,Smith,lisa.smith@harrison-leach.com,585-391-7793x23822,649 John Glen,Lake Donna,MA,93622,USA,2024-11-26
383,Elizabeth,Meyer,elizabeth.meyer@huerta.com,(852)790-6032x02032,775 Courtney Viaduct,Hayesborough,NH,81937,USA,2024-01-22
384,Amy,Wilson,amy.wilson@rios-robertson.com,224-457-8715x84156,71184 Morgan Inlet,Grahamland,VI,66656,USA,2023-09-19
385,Raymond,Pugh,raymond.pugh@lee.com,758.592.9880,2129 Megan Terrace,New Sheri,RI,56077,USA,2023-10-20
386,Joshua,Haley,joshua.haley@phillips-santana.biz,375.224.0148x4399,27236 Debbie Lock Apt. 351,West Donald,MO,16684,USA,2025-06-07
387,Sheryl,Hernandez,sheryl.hernandez@thomas-hill.com,9186481973,972 Nicole Throughway,Nancyton,MS,33983,USA,2023-06-03
388,Courtney,Simmons,courtney.simmons@walter.info,001-343-681-1995x37660,8564 Miller Courts Suite 397,New Ryan,KY,14127,USA,2025-01-05
389,Ann,Monroe,ann.monroe@obrien-harrell.biz,7918919113,057 Berry Pike Apt. 660,New Henry,SC,43618,USA,2023-05-12
390,Kelly,Jenkins,kelly.jenkins@daniel.com,+1-755-834-7057x42388,71559 Leslie Inlet Apt. 165,Fowlerfurt,ID,35193,USA,2025-01-02
391,Michael,Shaffer,michael.shaffer@fischer-chung.com,4138948848,11964 Jennifer Place,Randyfurt,CT,97007,USA,2024-03-10
392,Christina,Arellano,christina.arellano@key-ramos.com,582.940.7333,04309 Massey Mall,South Jacob,NC,76640,USA,2024-08-21
393,Courtney,Oneal,courtney.oneal@francis-mann.com,465-353-5851x253,519 Jennifer Stravenue Apt. 749,South Christinefort,OR,57672,USA,2023-03-20
394,Stephanie,Jackson,stephanie.jackson@west.info,001-421-851-4940x976,748 Rivera Port,Thomasside,TX,77423,USA,2024-04-11
395,Michelle,Arellano,michelle.arellano@joseph.org,419-418-6233,715 Clinton Lodge,Ballardfurt,UT,62682,USA,2023-07-13
396,Melanie,White,melanie.white@kelly-mann.com,612.246.3351x5718,051 Aaron Pines,North Markport,AK,74960,USA,2025-05-03
397,Nicholas,Jones,nicholas.jones@lopez.info,(483)951-2959,270 Savannah Underpass,Port Sarahport,CT,46252,USA,2025-11-05
398,Henry,Stone,henry.stone@jimenez.com,+1-457-586-7181x535,60507 Melanie Course Suite 899,Shermanborough,LA,42485,USA,2023-07-08
399,Seth,Gonzalez,seth.gonzalez@simmons.com,515.387.9647x4080,982 Stevenson Place Apt. 046,West Tamara,AR,90175,USA,2024-10-13
400,Joanna,Warren,joanna.warren@hicks.com,517.223.5137,3140 Donna Village,Traceyfurt,GU,30434,USA,2024-07-09
401,Samantha,Morales,samantha.morales@thomas.org,+1-946-694-3460x66643,607 Elizabeth Fork,Lake Dannyburgh,MH,64534,USA,2023-03-23
402,Isaac,Murphy,isaac.murphy@scott.biz,584-449-4116x3187,7113 Marissa Ferry,Port Heatherland,IA,57641,USA,2025-07-22
403,Nathan,Rodgers,nathan.rodgers@harper-williams.net,001-233-850-9025x42573,48132 Matthew Stravenue Suite 071,New Allison,OH,21616,USA,2023-07-20
404,Amy,Stewart,amy.stewart@cohen.net,+1-509-225-5021,90691 Kathleen Camp Apt. 079,Campbellfurt,NV,98551,USA,2023-12-14
405,Felicia,Salazar,felicia.salazar@baird-fields.info,(678)453-2426,064 Brad Loop Apt. 625,South Robert,MT,60870,USA,2024-11-11
406,Scott,Price,scott.price@morgan-ortega.com,001-783-633-3939x5786,2718 Evans Village,Williamsborough,MA,72812,USA,2023-08-10
407,Donna,Giles,donna.giles@white-ramos.com,(592)449-2693x2657,9980 Kristin Corner Apt. 005,West Sarahstad,ID,97964,USA,2023-07-31
408,Susan,Parker,susan.parker@cox.org,375.824.4182x226,874 Theresa Shore,South Colton,AZ,18274,USA,2024-07-23
409,Thomas,Woods,thomas.woods@willis.info,001-392-770-7955,29462 Victoria Turnpike,Lake Malik,VT,11389,USA,2024-06-13
410,Carrie,Lloyd,carrie.lloyd@howell.biz,(754)438-4807,344 Ferrell Junction,West Karenmouth,TN,11018,USA,2024-05-10
411,Andrea,Anderson,andrea.anderson@smith.com,766.604.6558x6652,4417 Linda Island,North Lisaville,IA,10254,USA,2023-09-11
412,Nathaniel,Moore,nathaniel.moore@maxwell.com,001-405-591-2975x1910,11063 Brendan Common,Floreshaven,ID,62897,USA,2023-10-12
413,Jeanette,Simpson,jeanette.simpson@lopez.com,328.301.2342x893,53269 Guzman Parkways,Jefferyview,GU,45689,USA,2023-12-19
414,Alyssa,Pena,alyssa.pena@king.com,350.696.1701x5959,5757 Hines Island Apt. 392,Lake Michaelmouth,FM,61009,USA,2024-04-26
415,Sandra,Mathis,sandra.mathis@ford-nolan.info,(826)760-2562,2292 Cody Lock,Hernandezmouth,ID,03342,USA,2025-01-20
416,Philip,Torres,philip.torres@ramirez.info,(962)570-5115x79423,0425 Sutton Meadow Apt. 928,Matthewstad,AS,90745,USA,2023-06-27
417,Mike,Waller,mike.waller@smith.biz,735.535.7485,9399 Lisa Gateway,Elliotttown,MD,67473,USA,2023-05-07
418,Patrick,Hernandez,patrick.hernandez@miller-henry.org,001-241-776-3425x0733,782 Frye Oval Suite 983,New Cassie,LA,96631,USA,2023-03-14
419,Jill,Lee,jill.lee@campbell.com,843-424-0061x5727,1474 Jasmine Motorway Suite 292,Stephanieville,AR,43300,USA,2025-04-16
420,Thomas,Thomas,thomas.thomas@brooks.com,(925)390-4599x0802,21823 Karen Knolls,Christophermouth,WV,09620,USA,2025-01-13
421,Richard,Brown,richard.brown@may-foster.com,+1-213-272-1433,370 Jeffery Fort,Port Devin,MD,42830,USA,2024-08-02
422,Katelyn,Santiago,katelyn.santiago@dixon.info,5689103903,1958 Randy Drive,Lake Julieport,KY,73411,USA,2024-07-13
423,William,Moore,william.moore@webster.com,854.561.4707,06133 Whitaker Spring,New Lisa,MN,61289,USA,2023-03-04
424,Deborah,Hall,deborah.hall@robinson-johnson.com,425.937.6576,943 Christina Alley Apt. 900,Sarahport,NV,50494,USA,2025-05-10
425,Susan,Davis,susan.davis@lewis-lee.biz,001-551-346-0401x4247,2011 Spencer Prairie,Josephshire,NJ,08795,USA,2025-11-18
426,Eric,Brown,eric.brown@bennett.info,(520)990-1447x34043,096 Conner Stravenue,West Michaelstad,NH,62429,USA,2025-04-03
427,Frank,Hopkins,frank.hopkins@barber-fernandez.com,001-856-729-6575x4278,94255 Hayes Plains Apt. 058,New Matthew,SC,98122,USA,2023-08-14
428,Melissa,Berry,melissa.berry@summers.com,(918)380-8190x48235,586 Robinson Keys Suite 137,Port Heather,WV,25185,USA,2022-12-10
429,Patricia,Costa,patricia.costa@simpson.com,264.638.1300,21147 Robert Knolls,Smithport,MA,51323,USA,2024-07-14
430,Jared,Patterson,jared.patterson@gillespie.info,3758504768,706 Sydney Trace Apt. 748,North Johnville,NH,50288,USA,2024-05-17
431,John,Riggs,john.riggs@morris.info,996.310.2908,4968 Jon Crest,Thompsonmouth,LA,21832,USA,2023-02-09
432,Kelly,Rivera,kelly.rivera@mcdaniel.com,973.506.2604x2359,112 David Rapids Apt. 775,Smithhaven,MH,91440,USA,2024-07-04
433,Cynthia,Rodriguez,cynthia.rodriguez@johnson-graham.biz,411-345-7683,19237 Grant Neck,Port Dianashire,MT,15685,USA,2025-04-27
434,Bernard,Harris,bernard.harris@anderson-miles.com,(708)501-8498x042,37773 Gerald Plaza Apt. 228,Port Kathleen,NJ,67791,USA,2023-04-01
435,Ashlee,Wright,ashlee.wright@franco-ward.com,560-460-5603x567,862 Carol Heights Suite 169,South Carlland,VT,19580,USA,2025-09-01
436,Bill,Ramirez,bill.ramirez@marshall-roman.com,489-954-7876x9899,75889 John Grove Suite 498,West Sara,MD,31881,USA,2025-05-07
437,James,Compton,james.compton@petersen.biz,749-563-9243x588,821 Little Ford Suite 275,South Todd,KY,74974,USA,2024-11-22
438,Amanda,Thomas,amanda.thomas@jones.net,(501)634-7789x4896,7917 Hughes Crest,East David,WV,07644,USA,2023-02-11
439,Melanie,Ramirez,melanie.ramirez@nichols.biz,609.800.1594,39994 Randall Drive,New Breannabury,GA,50737,USA,2023-10-21
440,Amber,Smith,amber.smith@davis.org,571-613-6337x922,34699 Griffin Fort,Port Christophermouth,NV,20212,USA,2024-07-29
441,Melissa,Christensen,melissa.christensen@weaver.com,+1-776-485-5078x96793,626 Jeffery Knoll,Hillport,MH,30764,USA,2024-07-21
442,Caroline,Harrison,caroline.harrison@parks.com,+1-817-306-9556x0767,5345 Mendoza Extension Apt. 989,Port Barry,MS,48286,USA,2023-02-22
443,Kathleen,Davis,kathleen.davis@davis.net,8416847242,64281 Monica River,New Diamondburgh,LA,72320,USA,2024-12-09
444,Sheri,Jacobson,sheri.jacobson@smith.org,001-411-414-2817x852,52480 Phillip Expressway,South Ericberg,IA,80319,USA,2024-07-02
445,Audrey,Ramirez,audrey.ramirez@gibson.com,001-932-890-1620x478,785 Walton Pine Suite 287,Port Benjamin,CA,79117,USA,2024-07-02
446,Meagan,Wilson,meagan.wilson@reyes-evans.com,273-503-6279x24632,7677 Khan Mountain Apt. 603,Lake Sandra,LA,49526,USA,2023-03-02
447,Michael,Blankenship,michael.blankenship@wiggins.net,+1-470-271-5534,84008 Crystal Landing,South Richardmouth,MI,81997,USA,2024-04-30
448,Justin,Williams,justin.williams@richards.biz,001-580-389-8126x57422,6300 Smith Dale Apt. 693,Lloydberg,NE,72204,USA,2025-05-10
449,Jonathan,Moon,jonathan.moon@ritter.com,771-937-2711x759,885 Rose Shores Suite 933,South Timothymouth,NY,39897,USA,2025-01-22
450,Teresa,Esparza,teresa.esparza@crane.com,728-833-3721,9541 Francisco Orchard Apt. 506,Briggsberg,MT,62520,USA,2023-01-26
451,Matthew,Wood,matthew.wood@young-koch.info,(793)866-3439x2529,11028 Vasquez Course,North Aaron,HI,04785,USA,2023-07-05
452,Kelly,Bridges,kelly.bridges@jennings.org,202-245-1091,67149 Gilbert Pine,Port Cheyenneberg,CA,61100,USA,2025-07-08
453,Melissa,Moore,melissa.moore@robertson.com,6658277584,45337 Jacqueline Camp Apt. 091,North Whitney,DC,20073,USA,2023-04-03
454,Justin,Cook,justin.cook@riley-higgins.biz,(218)294-3705x26351,2776 Cole Via Suite 659,North Misty,GA,33347,USA,2024-09-15
455,Christopher,Hutchinson,christopher.hutchinson@hernandez-henson.com,297.343.2600x55955,332 Becker Walks Suite 868,South Kayla,VA,05668,USA,2024-11-15
456,Tamara,Garza,tamara.garza@ryan-campos.com,550-969-1767x9935,0394 Baker Pines Apt. 037,South Aaron,AR,10476,USA,2024-02-08
457,Amanda,Lam,amanda.lam@smith-oneill.com,001-490-579-3884x13685,615 Stacey Brooks,East Sarahview,GA,86675,USA,2024-03-08
458,Emily,Perry,emily.perry@harris-martin.com,001-344-988-1121x03142,88781 Contreras Harbors Apt. 515,South Lindsay,ND,33305,USA,2023-01-07
459,Rhonda,Oliver,rhonda.oliver@gay.com,528-483-7505x66186,791 Mary Tunnel,Grantmouth,MS,42734,USA,2025-09-03
460,Miguel,Yoder,miguel.yoder@chavez.org,(305)456-0571x219,8851 Kristi Route Suite 348,Carterville,AR,39849,USA,2025-10-07
461,Tamara,Taylor,tamara.taylor@cabrera-kidd.com,461-385-1744x60045,991 Wilson Greens,Lucasville,HI,76052,USA,2023-11-04
462,Brandi,Miller,brandi.miller@hill.net,289-684-8416,54021 Stacy Radial Apt. 170,Pachecofurt,ND,14511,USA,2024-01-24
463,Erik,Ayers,erik.ayers@miller.com,+1-691-507-3228x3608,306 Christina Loaf Apt. 845,South Terri,MT,76304,USA,2024-02-29
464,Joseph,Jensen,joseph.jensen@mann.org,401.269.3429x2913,01623 Chung Ports,Lake Jasonville,MP,91756,USA,2022-12-31
465,Robert,Peterson,robert.peterson@thomas-ramsey.com,(556)568-4732x365,4604 Ryan Estate Apt. 078,Jamesville,FM,38146,USA,2023-07-16
466,Justin,Thompson,justin.thompson@kennedy.com,001-875-643-7347,3720 Deanna Lights,New William,FL,14895,USA,2024-01-29
467,Jennifer,Boyd,jennifer.boyd@garcia.com,001-460-919-1344x3899,05869 Smith Fields,North Jessica,VA,56186,USA,2024-01-04
468,Heather,Nelson,heather.nelson@fuller.org,001-795-216-7933,7385 Perez Points Apt. 119,East Robert,AZ,27365,USA,2024-12-04
469,Robert,Ferrell,robert.ferrell@garcia.info,001-323-633-5104x096,15391 Linda Turnpike Apt. 074,Lake Katherine,VA,01334,USA,2025-01-08
470,Lisa,Robinson,lisa.robinson@clay-garcia.net,001-439-240-6557,904 George Estate,Lake Brandon,HI,26172,USA,2023-10-30
471,James,Phillips,james.phillips@stanley.org,(401)935-4621,25082 Rodriguez Track Apt. 312,Rodriguezbury,UT,22283,USA,2024-01-27
472,Jennifer,Reeves,jennifer.reeves@schmidt.org,672-598-9376x29745,64687 Nancy Crescent,North Jerry,UT,70433,USA,2023-06-03
473,Ann,Foster,ann.foster@carpenter.net,(383)523-0898,8814 Rivera Dale,North Ronald,PR,27410,USA,2023-07-15
474,Leah,Walker,leah.walker@davis.biz,001-281-357-2450x0000,91137 Scott Plain Suite 090,West Lawrence,TX,15594,USA,2025-01-30
475,Debbie,Goodwin,debbie.goodwin@moore-gardner.com,+1-298-774-7812x248,0867 Bradley Causeway Apt. 436,Danaland,MN,95383,USA,2025-02-18
476,Joshua,Hernandez,joshua.hernandez@hart-young.com,283-955-0542x960,3369 Montgomery Turnpike,Port Claudiahaven,HI,16985,USA,2023-03-20
477,Bruce,Pham,bruce.pham@grimes.net,988-504-4287,3816 Allen Spring,East Heatherport,VA,22897,USA,2025-02-27
478,Ashley,Caldwell,ashley.caldwell@parker.biz,001-825-486-3144x17064,4026 Jennifer Land Suite 824,Port Rhonda,AK,88144,USA,2023-04-20
479,Terry,Parker,terry.parker@roy-palmer.net,203.715.3888x24527,0433 Jason Track,Jameshaven,KS,77456,USA,2024-04-12
480,Nicole,Martinez,nicole.martinez@walker.com,001-397-587-1809x339,26530 Bond Stream Apt. 198,Changmouth,MS,12993,USA,2024-11-26
481,Susan,Garrison,susan.garrison@cortez.com,400.291.5618,657 Baker Haven,Lake Rebeccatown,FM,81904,USA,2025-10-31
482,Jason,Richardson,jason.richardson@anderson-brown.com,+1-911-789-4184x336,263 Lisa Estate,New Carolyn,FL,10134,USA,2023-12-18
483,Shannon,Rogers,shannon.rogers@jones-scott.com,001-842-888-6050x537,081 Julie Meadow Apt. 030,West Peter,FM,80117,USA,2023-04-26
484,Lisa,Farmer,lisa.farmer@moore-bryant.com,001-831-323-4550x6882,768 Christine Pine Suite 401,West Peggy,AL,69682,USA,2024-11-04
485,Kimberly,Cooper,kimberly.cooper@woods.net,001-982-260-3359x1015,599 Linda Heights,North Jennifer,NV,33956,USA,2025-06-02
486,Lindsay,Powell,lindsay.powell@mccarthy.org,001-664-489-9718,693 Mark Cove Suite 084,East Pamela,CT,24743,USA,2023-11-21
487,Kelly,Thomas,kelly.thomas@powell-castro.com,(690)587-2617x60723,9538 Diane Points,Port Loriport,GU,00903,USA,2024-05-28
488,Susan,Clay,susan.clay@jarvis.org,+1-665-308-2695x826,656 Sandra Forge Apt. 876,Lake Mariaberg,WI,25442,USA,2025-03-10
489,Lee,Rogers,lee.rogers@king.com,(282)239-4840x0273,661 Darryl Track Suite 831,Lake Jamesmouth,GU,03841,USA,2023-02-22
490,Sierra,Brooks,sierra.brooks@salazar.com,491-250-7628x3976,44077 George Lock Apt. 072,Hineschester,TN,17544,USA,2025-06-23
491,Derrick,Smith,derrick.smith@reese.info,(502)599-1406x8841,3125 Espinoza Extension,West Ruth,MO,14750,USA,2024-12-04
492,Amy,Miller,amy.miller@harris.com,792-406-1363,8956 James Mission Apt. 844,Brittanyburgh,VI,76366,USA,2024-04-24
493,Brandon,Lin,brandon.lin@dixon-dudley.com,(944)903-7341x67812,10217 Curtis Fields,Aprilchester,GA,75542,USA,2025-04-06
494,Matthew,Gallegos,matthew.gallegos@mcdaniel.com,+1-731-582-8560,079 Powell Crest Suite 706,Youngfurt,NC,19708,USA,2023-01-03
495,Michael,Smith,michael.smith@thomas.com,+1-855-421-6505x8714,219 Mark Locks,Fischerton,OH,77916,USA,2025-03-18
496,Kendra,Adams,kendra.adams@hanson-weaver.net,8226050938,249 Mathis Ridge Apt. 145,Garretthaven,NH,98958,USA,2023-02-03
497,Heather,Alexander,heather.alexander@mclean-young.net,(376)973-8209x7461,876 Melody Ports Suite 872,West Zachary,ID,65238,USA,2023-02-07
498,Krystal,Patel,krystal.patel@warren.com,(204)305-6695x790,8255 King Pine,Murrayfurt,ID,18897,USA,2024-06-10
499,Margaret,Carr,margaret.carr@little.com,+1-389-746-3389x15624,572 Price Ports,South Sophia,IN,91543,USA,2023-11-20
500,Matthew,Franklin,matthew.franklin@wood.net,886-755-0784,574 Walker Fields,Courtneyville,FM,89030,USA,2025-02-12
